"Classification","FTIR Image","FTIR peaks","Proteostat binding","Sequence","TANGO","TEM Staining","TEM image","Waltz 1","Subset"
"non-amyloid","","","","AAAQAA","0","no","","0","TDP43"
"non-amyloid","","","","AAELRN","0","N.A.","","0","Literature"
"non-amyloid","","","","AAIDWF","0","no","","0","FUS"
"non-amyloid","","","","AAIGWG","0","no","","0","TDP43"
"non-amyloid","","","","AALQSS","0","no","","0","TDP43"
"non-amyloid","","","","AAPKPK","0","no","","0","sup35"
"non-amyloid","","","","AAQAAL","0","no","","0","TDP43"
"non-amyloid","","","","AARRFF","0","N.A.","","0","Literature"
"non-amyloid","","","","AAVDQT","0","no","","0","Functionals"
"non-amyloid","","","","ACGVIG","0","no","","0.1","SOD1"
"non-amyloid","","","","ADVGQG","0","no","","0","Functionals"
"non-amyloid","ADVSIE.png","1678.93/1642.19","0","ADVSIE","0","yes","ADVSIE.png","34.8","SOD1"
"non-amyloid","","","","AEKLFD","0","N.A.","","0.2","Literature"
"non-amyloid","","","","AEMEYL","0","N.A.","","0.7","Literature"
"non-amyloid","","","","AENGKS","0","N.A.","","0","Amylhex"
"non-amyloid","","","","AESDKK","0","no","","0","sup35"
"non-amyloid","","","","AETKEP","0","no","","0","sup35"
"non-amyloid","","","","AEVLAL","0","N.A.","","0","Literature"
"non-amyloid","","","","AFSINP","0","no","","0","TDP43"
"non-amyloid","","","","AGFQPQ","0","no","","0","sup35"
"non-amyloid","","","","AGGYYQ","0","no","","13.9","sup35"
"non-amyloid","","","","AGSGSG","0","no","","0","TDP43"
"amyloid","","","","AGVNYF","0","N.A.","","568.9","Literature"
"non-amyloid","AGYQQQ.png","1680.49","5.26","AGYQQQ","0","yes","AGYQQQ.png","0","sup35"
"non-amyloid","","","","AIDWFD","0","no","","18.2","FUS"
"non-amyloid","","","","AIGWGS","0","no","","0","TDP43"
"amyloid","","","","AILSST","0","no","","0","Literature"
"non-amyloid","","","","AINKIQ","0","N.A.","","17.6","Literature"
"non-amyloid","","","","AISNNN","0","no","","0","Lindquist"
"amyloid","","","","AIVAGD","0","N.A.","","0","Literature"
"amyloid","","","","AIVAGS","0","N.A.","","0","Literature"
"amyloid","","","","AIVAGT","0","N.A.","","0","Literature"
"non-amyloid","","","","ALALQT","0","no","","0","Functionals"
"amyloid","","","","ALEEYT","0","N.A.","","27.3","Literature"
"non-amyloid","","","","ALQSSW","0","no","","0","TDP43"
"non-amyloid","","","","ALQTDA","0","no","","0","Functionals"
"non-amyloid","","","","AMMAAA","0","no","","0","TDP43"
"non-amyloid","","","","AMNITN","0","no","","0.6","Lindquist"
"non-amyloid","ANATKK.png","1679/1654","5.1","ANATKK","0","yes","ANATKK.png","0","sup35"
"non-amyloid","","","","ANNNSN","0","no","","0","Lindquist"
"non-amyloid","","","","ANNYSS","0","no","","0","Lindquist"
"non-amyloid","","","","APKPKK","0","no","","0","sup35"
"non-amyloid","","","","AQAALQ","0","no","","0","TDP43"
"non-amyloid","","","","AQAQPA","0","no","","0","sup35"
"amyloid","","","","AQFIIS","0","N.A.","","599.3","Literature"
"non-amyloid","","","","AQPAGG","0","no","","0","sup35"
"non-amyloid","","","","ASNAGS","0","no","","0","TDP43"
"non-amyloid","","","","ASQQNQ","0","no","","0","TDP43"
"non-amyloid","","","","ASRQNQ","0","no","","0","TDP43"
"amyloid","","","","ASSSNY","0","N.A.","","0","Literature"
"non-amyloid","","","","ATAHQY","0","no","","0","Functionals"
"non-amyloid","","","","ATKKVD","0","no","","0","sup35"
"non-amyloid","","1677.71/1645.55","6.74","ATLDQW","0","yes","ATLDQW.png","0","Functionals"
"non-amyloid","","","","ATTRTV","0","no","","0","Functionals"
"amyloid","","","","ATVIIE","0","N.A.","","480.1","Amylhex"
"non-amyloid","","","","ATVSFD","0","no","","3.8","FUS"
"non-amyloid","","","","AVDQTA","0","no","","0","Functionals"
"non-amyloid","AVTTGV.png","1678.33/1647.92","6.11","AVTTGV","0","yes","AVTTGV.png","0","Functionals"
"non-amyloid","","","","AYNAQA","0","no","","0","sup35"
"amyloid","CGVIGI.png","1677.79/1639.93","0","CGVIGI","0","yes","CGVIGI.png","0","SOD1"
"non-amyloid","","","","CPSGNN","0","no","","0","TDP43"
"non-amyloid","","","","DADLYL","0","N.A.","","0.2","Literature"
"non-amyloid","DAGYQQ.png","1678.78/1647.62","0","DAGYQQ","0","yes","DAGYQQ.png","0","sup35"
"amyloid","","","","DCVNIT","0","N.A.","","163.3","Literature"
"non-amyloid","","","","DDSLFF","0","N.A.","","43","Literature"
"non-amyloid","","","","DECFFF","0","N.A.","","6.8","Literature"
"non-amyloid","","","","DENNTF","0","no","","0","Lindquist"
"non-amyloid","DETVIV.png","1680.28/1659/1648.06","6.73","DETVIV","0","yes","DETVIV.png","0","Functionals"
"non-amyloid","","","","DFQKQQ","0","no","","0","Sebset"
"non-amyloid","","","","DFQKQQ","0","no","","0","sup35"
"amyloid","DHCIIG.png","1678.75/1646/1637.88","16.36","DHCIIG","0","yes","DHCIIG.png","0.3","SOD1"
"amyloid","","","","DHCIIW","0","yes","DHCIIW.png","0.3","SOD1"
"non-amyloid","","","","DIEVDL","0","N.A.","","0","Amylhex"
"non-amyloid","","","","DILTYT","0","N.A.","","33.6","Literature"
"non-amyloid","","","","DKKEEE","0","no","","0","sup35"
"non-amyloid","","","","DLLKNG","0","N.A.","","0","Amylhex"
"non-amyloid","","","","DLTITQ","0","no","","0","Functionals"
"non-amyloid","DLTQRG.png","1679.18/1655.63/1639.37","7.86","DLTQRG","0","yes","DLTQRG.png","0","Functionals"
"non-amyloid","","","","DNNTIF","0","no","","0.6","FUS"
"non-amyloid","","","","DQTASN","0","no","","0","Functionals"
"non-amyloid","","","","DQWNGK","0","no","","0","Functionals"
"non-amyloid","","","","DSNQGN","0","no","","0","sup35"
"amyloid","DSVISL.png","1677.22/1642.69","0","DSVISL","0","yes","DSVISL.png","0","SOD1"
"non-amyloid","","","","DTKPAE","0","no","","0","sup35"
"amyloid","","","","DTVIIE","0","N.A.","","69.6","Amylhex"
"non-amyloid","","","","DVGQGS","0","no","","0","Functionals"
"non-amyloid","","","","DVNRNG","0","no","","0","Lindquist"
"non-amyloid","DVSIED.png","1682/1642.57","0","DVSIED","0","yes","DVSIED.png","0","SOD1"
"non-amyloid","","","","EALYLV","0","N.A.","","0.1","Amylhex"
"non-amyloid","","","","EATVSF","0","no","","0","FUS"
"non-amyloid","","","","ECFFFE","0","N.A.","","25.5","Literature"
"non-amyloid","","","","EDSVIS","0","no","","0.3","SOD1"
"non-amyloid","","","","EECLFL","0","N.A.","","4","Literature"
"non-amyloid","","","","EEEKSA","0","no","","0","sup35"
"non-amyloid","","","","EEKKEE","0","no","","0","sup35"
"non-amyloid","","","","EEKPVQ","0","no","","0","sup35"
"non-amyloid","","","","EEKSAE","0","no","","0","sup35"
"non-amyloid","","","","EEKSEL","0","no","","0","sup35"
"non-amyloid","","","","EEPVKK","0","no","","0","sup35"
"amyloid","","","","EGVLYV","0","N.A.","","293.9","Literature"
"non-amyloid","","","","EHSDLS","0","N.A.","","0","Amylhex"
"non-amyloid","","","","EKDEYA","0","N.A.","","0","Amylhex"
"non-amyloid","","","","EKKEEK","0","no","","0","sup35"
"non-amyloid","","","","EKNLYL","0","N.A.","","0.2","Literature"
"non-amyloid","","","","EKPVQT","0","no","","0","sup35"
"non-amyloid","","","","EKSAET","0","no","","0","sup35"
"non-amyloid","EKSELP.png","1677.63/1642.93","4.69","EKSELP","0","yes","EKSELP.png","0","sup35"
"non-amyloid","","","","ELNIYQ","0","no","","116.5","Functionals"
"non-amyloid","","","","ELPKVE","0","no","","0","sup35"
"non-amyloid","","","","EMTVKQ","0","no","","0","Functionals"
"non-amyloid","","","","EPTKVE","0","no","","0","sup35"
"non-amyloid","EPTREP.png","1679/1645.64","4.77","EPTREP","0","yes","EPTREP.png","0","sup35"
"non-amyloid","","","","EPVKKE","0","no","","0","sup35"
"non-amyloid","","","","ERGFFY","0","N.A.","","0","Amylhex"
"non-amyloid","","","","ERIEKV","0","N.A.","","0","Amylhex"
"non-amyloid","","","","ESDKKE","0","no","","0","sup35"
"non-amyloid","","","","ESNTNN","0","no","","0","Lindquist"
"non-amyloid","","","","ETKEPT","0","no","","0","sup35"
"amyloid","","","","ETVIIE","0","N.A.","","56.1","Amylhex"
"non-amyloid","ETVIVI.png","1679.88/1645.72","0","ETVIVI","1.1","yes","ETVIVI.png","0","Functionals"
"non-amyloid","","","","ETWFFG","0","N.A.","","12.8","Literature"
"non-amyloid","","","","EVDLLK","0","N.A.","","0","Amylhex"
"non-amyloid","","","","EVTTGV","0","no","","0","Functionals"
"non-amyloid","","","","EYLKIA","0","N.A.","","1.6","Literature"
"amyloid","","","","EYSNFS","0","N.A.","","19.2","Literature"
"amyloid","","","","FAIRHF","0","N.A.","","0","Literature"
"non-amyloid","","","","FERQHM","0","N.A.","","0","Literature"
"amyloid","","","","FESNFN","0","N.A.","","100.8","Literature"
"non-amyloid","","","","FFNLNN","0","no","","0","Lindquist"
"non-amyloid","","","","FFWRFM","0","N.A.","","55.1","Literature"
"non-amyloid","","","","FFYTPK","0","N.A.","","0","Amylhex"
"non-amyloid","","","","FGAFSI","0","no","","0","TDP43"
"non-amyloid","","","","FGELFE","0","N.A.","","0.6","Literature"
"non-amyloid","","","","FGGGNG","0","no","","0","Functionals"
"non-amyloid","","","","FGNNAT","0","no","","0","Functionals"
"non-amyloid","","","","FGNQSG","0","no","","0","TDP43"
"non-amyloid","","","","FGNSAT","0","no","","0","Functionals"
"non-amyloid","","","","FGNSRG","0","no","","0","TDP43"
"non-amyloid","","","","FGTFSI","0","no","","0","TDP43"
"non-amyloid","","","","FHPSDI","0","N.A.","","0","Amylhex"
"non-amyloid","","","","FINYTN","0","no","","5.3","Lindquist"
"non-amyloid","","","","FKQIGI","0","no","","0","FUS"
"non-amyloid","","","","FLKYFT","0","N.A.","","0.9","Literature"
"amyloid","","","","FLVHSS","0","N.A.","","0","Amylhex"
"non-amyloid","","","","FMFFII","311.9","N.A.","","109.5","Literature"
"non-amyloid","","","","FMFNDL","0","no","","0","Sebset"
"non-amyloid","FMSNDL.png","1715/1680/1646","0","FMSNDL","0","yes","FMSNDL.png","0","Sebset"
"non-amyloid","","","","FNKFGG","0","no","","0","FUS"
"non-amyloid","","","","FNPQGG","0","no","","0","sup35"
"non-amyloid","","","","FNYNNN","0","no","","0","sup35"
"non-amyloid","","","","FQKQQK","0","no","","0","sup35"
"non-amyloid","","","","FQPQSQ","0","no","","0","sup35"
"amyloid","FSINPA.png","1679.39/1647/1612","0","FSINPA","0","yes","FSINPA.png","0","TDP43"
"non-amyloid","","","","FSKDWS","0","N.A.","","0","Amylhex"
"non-amyloid","","","","FSNATN","0","no","","0","Lindquist"
"amyloid","FTFIQF.png","1680/1648","58.89","FTFIQF","0.9","yes","FTFIQF.png","0","Newcores"
"non-amyloid","","","","FTPTEK","0","N.A.","","0","Amylhex"
"amyloid","","","","FTVIIE","90.5","N.A.","","237.4","Amylhex"
"non-amyloid","","","","FVNQHL","0","N.A.","","0","Amylhex"
"amyloid","","","","FYLLYY","122.8","N.A.","","538.1","Amylhex"
"non-amyloid","","","","FYTPKT","0","N.A.","","0","Amylhex"
"non-amyloid","","","","GAAIGW","0","no","","0","TDP43"
"non-amyloid","GAAVDQ.png","1678.99/1647.79","4.55","GAAVDQ","0","yes","GAAVDQ.png","0","Functionals"
"non-amyloid","","","","GADVGQ","0","no","","0","Functionals"
"non-amyloid","","","","GAFSIN","0","no","","269.7","TDP43"
"amyloid","","","","GAITIG","0","N.A.","","5.8","Literature"
"amyloid","GDHCII.png","1679.91/1650.75","0","GDHCII","0","yes","GDHCII.png","0","SOD1"
"non-amyloid","","","","GEATVS","0","no","","0","FUS"
"non-amyloid","","","","GERGFF","0","N.A.","","0","Amylhex"
"amyloid","","","","GEWTYD","0","N.A.","","353.7","Literature"
"non-amyloid","","","","GFFNLQ","0","no","","20","Newcores"
"amyloid","GFFQQQ.png","1678.97/1644.47","78.97","GFFQQQ","0","yes","GFFQQQ.png","0","Newcores"
"non-amyloid","","","","GFFYTP","0","N.A.","","2.7","Amylhex"
"non-amyloid","","","","GFGNNA","0","no","","0","Functionals"
"non-amyloid","","","","GFGNQS","0","no","","0","TDP43"
"non-amyloid","GFGNSA.png","1679.23/1642.21","0","GFGNSA","0","yes","GFGNSA.png","0","Functionals"
"non-amyloid","","","","GFGNSR","0","no","","0","TDP43"
"non-amyloid","","","","GFNKFG","0","no","","2.6","FUS"
"non-amyloid","","","","GFNNSA","0","no","","0.6","Lindquist"
"non-amyloid","","","","GFNNTP","0","no","","0","Lindquist"
"non-amyloid","","","","GFPGSF","0","no","","0","Sebset"
"non-amyloid","","","","GFQPQS","0","no","","0","sup35"
"non-amyloid","GFSGSF.png","1676.69/1643.3","6.11","GFSGSF","0","yes","GFSGSF.png","0","Sebset"
"non-amyloid","","","","GFSNNN","0","no","","0","Lindquist"
"non-amyloid","","","","GGFGNQ","0","no","","0","TDP43"
"non-amyloid","","","","GGFNKF","0","no","","0","FUS"
"non-amyloid","","","","GGGGNH","0","no","","0","Functionals"
"non-amyloid","","","","GGGGNN","0","no","","0","Functionals"
"non-amyloid","","","","GGGMNF","0","no","","0","TDP43"
"non-amyloid","","","","GGGNGA","0","no","","0","Functionals"
"non-amyloid","","","","GGGNHG","0","no","","0","Functionals"
"amyloid","GGGNNS.png","1678.99/1656.99/1643.55","0","GGGNNS","0","yes","GGGNNS.png","0","Functionals"
"non-amyloid","","","","GGGNSA","0","no","","0","Functionals"
"non-amyloid","","","","GGMNFG","0","no","","0","TDP43"
"non-amyloid","GGNGAA.png","1679.52/1644.27","0","GGNGAA","0","yes","GGNGAA.png","0","Functionals"
"non-amyloid","GGNGAD.png","1679.68/1646","10.82","GGNGAD","0","yes","GGNGAD.png","0","Functionals"
"non-amyloid","","","","GGNHGG","0","no","","0","Functionals"
"non-amyloid","","","","GGNNSG","0","no","","0","Functionals"
"non-amyloid","","","","GGNSAL","0","no","","0","Functionals"
"non-amyloid","","","","GGQQQS","0","no","","0","FUS"
"non-amyloid","","","","GGRGNY","0","no","","0","sup35"
"amyloid","","","","GGVVIA","0","N.A.","","25.8","Literature"
"non-amyloid","GGYQQQ.png","1677.17/1658.12/1642.39","6.27","GGYQQQ","0","yes","GGYQQQ.png","0","sup35"
"non-amyloid","GGYQQY.png","1678.31","5.3","GGYQQY","0","yes","GGYQQY.png","0","sup35"
"non-amyloid","","","","GGYYQN","0","no","","0","sup35"
"non-amyloid","","","","GIIKTN","0","no","","0","FUS"
"non-amyloid","GIKLAN.png","1680.17/1643.73","6.13","GIKLAN","0","yes","GIKLAN.png","0","sup35"
"amyloid","GIVIVA.png","1680.09/1650.77/1632.91","5.65","GIVIVA","7.1","yes","GIVIVA.png","0.1","Functionals"
"non-amyloid","GKQAYQ.png","1678.34/1648.54","6.03","GKQAYQ","0","yes","GKQAYQ.png","0.3","Sebset"
"non-amyloid","GKQGYQ.png","1678.21/1638.55","0","GKQGYQ","0","yes","GKQGYQ.png","0","Sebset"
"amyloid","GLFINM.png","1679.33","17.94","GLFINM","0","yes","GLFINM.png","0.1","Newcores"
"non-amyloid","","","","GLLLWQ","0","no","","16.9","Newcores"
"non-amyloid","","","","GMFNIQ","0","N.A.","","367.6","Literature"
"non-amyloid","","","","GMLASQ","0","no","","0","TDP43"
"non-amyloid","GMLASR.png","1679.9","0","GMLASR","0","yes","GMLASR.png","0","TDP43"
"amyloid","GMMGML.png","1679.19/1641.71","0","GMMGML","0","yes","GMMGML.png","0","TDP43"
"non-amyloid","","","","GMNFGA","0","no","","0","TDP43"
"non-amyloid","","","","GMNFGT","0","no","","0","TDP43"
"non-amyloid","","","","GMSLND","0","no","","0","sup35"
"amyloid","GNFNNL.png","1680/1646/1618","38.59","GNFNNL","0","yes","GNFNNL.png","0","Newcores"
"non-amyloid","GNGAAV.png","1679.8/1651/1637.3","0","GNGAAV","0","yes","GNGAAV.png","0","Functionals"
"non-amyloid","","","","GNGADV","0","no","","0","Functionals"
"non-amyloid","","","","GNHGGG","0","no","","0","Functionals"
"non-amyloid","","","","GNNATA","0","no","","0","Functionals"
"non-amyloid","","","","GNNQQN","0","no","","0","sup35"
"non-amyloid","","","","GNNRYQ","0","no","","0","sup35"
"non-amyloid","","","","GNNSGP","0","no","","0","Functionals"
"non-amyloid","","","","GNNSYS","0","no","","0.3","TDP43"
"non-amyloid","","","","GNQQQG","0","no","","0","Sebset"
"non-amyloid","","","","GNQQQG","0","no","","0","sup35"
"non-amyloid","","","","GNQSGF","0","no","","0","TDP43"
"non-amyloid","","","","GNSALA","0","no","","0","Functionals"
"non-amyloid","","","","GNSATL","0","no","","0","Functionals"
"non-amyloid","","","","GNYKNF","0","no","","0","sup35"
"non-amyloid","","","","GQGSDD","0","no","","0","Functionals"
"non-amyloid","","","","GQNNTQ","0","no","","0.2","Lindquist"
"non-amyloid","","","","GQQNQY","0","no","","0","FUS"
"non-amyloid","","","","GQQQSY","0","no","","0","FUS"
"non-amyloid","","","","GQQSYS","0","no","","47","FUS"
"non-amyloid","","","","GQSSYS","0","no","","15.1","FUS"
"non-amyloid","GRGNYK.png","1679.08/1646","6.48","GRGNYK","0","yes","GRGNYK.png","0","Sebset"
"non-amyloid","GRGNYK.png","1679.08/1646","6.48","GRGNYK","0","yes","GRGNYK.png","0","sup35"
"non-amyloid","","","","GRIGIA","0","no","","0","SOD1"
"non-amyloid","","","","GSASNA","0","no","","0","TDP43"
"non-amyloid","","","","GSGFNG","0","no","","0","TDP43"
"non-amyloid","","","","GSGSGF","0","no","","0","TDP43"
"non-amyloid","","","","GSHLVE","0","N.A.","","0","Amylhex"
"non-amyloid","","","","GSNNTF","0","no","","0","Lindquist"
"non-amyloid","","","","GSNSGA","0","no","","0","TDP43"
"amyloid","","","","GTFFIN","0","N.A.","","558.8","Literature"
"amyloid","","","","GTFFIT","0","N.A.","","329","Literature"
"non-amyloid","","","","GTFFQE","0","no","","0","Newcores"
"amyloid","","","","GTFNII","0","N.A.","","312.8","Literature"
"non-amyloid","","","","GTFSIN","0","no","","51.1","TDP43"
"amyloid","","","","GTVIIE","0","N.A.","","370.6","Amylhex"
"amyloid","","","","GTVLFM","0","N.A.","","503","Literature"
"non-amyloid","","","","GVFNNQ","0","no","","0","Newcores"
"amyloid","GVIGIA.png","1678/1643.94","91.48","GVIGIA","0","yes","GVIGIA.png","0","SOD1"
"amyloid","GVIWIA.png","1679.87/1641.56","69.97","GVIWIA","2.3","yes","GVIWIA.png","553","SOD1"
"non-amyloid","","","","GVNNNN","0","no","","0","Lindquist"
"amyloid","","","","GVNYFL","0","N.A.","","309.4","Literature"
"non-amyloid","GVPGIA.png","1678.55/1647.13","0","GVPGIA","0","yes","GVPGIA.png","0","SOD1"
"non-amyloid","","","","GVTIIT","0","no","","5.7","Functionals"
"non-amyloid","","","","GVVPQY","0","no","","0","Functionals"
"non-amyloid","GVVVVT.png","1679.8/1644.79","45.6","GVVVVT","5.8","yes","GVVVVT.png","0","Functionals"
"non-amyloid","","","","GWGSAS","0","no","","0","TDP43"
"amyloid","GYFILQ.png","1678.94/1643/1626","354.25","GYFILQ","0","yes","GYFILQ.png","15.6","Newcores"
"amyloid","GYFLNF.png","1680.25/1643.98/1625.38","190.68","GYFLNF","0","yes","GYFLNF.png","0.1","Newcores"
"amyloid","GYFLNM.png","1678.7/1647/1627.75","584.46","GYFLNM","0","yes","GYFLNM.png","0.1","Newcores"
"non-amyloid","","","","GYGQSS","0","no","","0","FUS"
"amyloid","","","","GYMLGS","0","N.A.","","0","Literature"
"non-amyloid","","","","GYQAGF","0","no","","0","sup35"
"non-amyloid","","","","GYQAYN","0","no","","539.3","sup35"
"non-amyloid","","","","GYQQGG","0","no","","0","sup35"
"non-amyloid","GYQQQF.png","1676.45/1641.35","9.48","GYQQQF","0","yes","GYQQQF.png","0","sup35"
"non-amyloid","","","","GYQQQY","0","no","","0","sup35"
"non-amyloid","GYQQYN.png","1676.45/1641.35","5.23","GYQQYN","0","yes","GYQQYN.png","21.1","Sebset"
"non-amyloid","GYQQYN.png","1676.45/1641.35","5.23","GYQQYN","0","yes","GYQQYN.png","21.1","sup35"
"non-amyloid","","","","GYSGYQ","0","no","","0","sup35"
"amyloid","","","","GYVLGS","0","N.A.","","0","Literature"
"non-amyloid","GYYQNY.png","1678.38/1653.06/1636.9","5.32","GYYQNY","0","yes","GYYQNY.png","0","sup35"
"non-amyloid","","","","HAFLII","0","N.A.","","522.6","Literature"
"amyloid","","","","HFVWIA","0.8","N.A.","","599.8","Literature"
"amyloid","HGFNQQ.png","1676.56/1640.53","0.39","HGFNQQ","0","yes","HGFNQQ.png","0","Newcores"
"non-amyloid","","","","HGGGGN","0","no","","0","Functionals"
"non-amyloid","","","","HGGGNG","0","no","","0","Functionals"
"amyloid","","","","HGWLIM","0","N.A.","","479","Literature"
"non-amyloid","","","","HIFIIM","4.1","N.A.","","598.5","Literature"
"amyloid","HIFLLC.png","1680.34/1647.7/1635.46","465.58","HIFLLC","0","yes","HIFLLC.png","4.2","Newcores"
"non-amyloid","","","","HKALFW","0","N.A.","","0","Literature"
"amyloid","HLFNLT.png","1679.16/1633.12","716.24","HLFNLT","0","yes","HLFNLT.png","1.5","Newcores"
"non-amyloid","","","","HLVEAL","0","N.A.","","0","Amylhex"
"amyloid","","","","HLVYIM","0.8","N.A.","","596.6","Literature"
"non-amyloid","","","","HNNNNN","0","no","","0","Lindquist"
"non-amyloid","","","","HNNNSQ","0","no","","0","Lindquist"
"non-amyloid","","","","HNSVNF","0","no","","0","Lindquist"
"non-amyloid","","","","HNTNNA","0","no","","0","Lindquist"
"non-amyloid","","","","HPAENG","0","N.A.","","0","Amylhex"
"amyloid","","1679.1","0","HQFNLN","0","yes","HQFNLN.png","45.4","Newcores"
"amyloid","","","","HQLIIM","0","N.A.","","568.2","Literature"
"amyloid","","","","HSSNNF","0","N.A.","","0","Literature"
"non-amyloid","HTAVTT.png","1679.05/1642.37","0","HTAVTT","0","yes","HTAVTT.png","0","Functionals"
"amyloid","HTFNLL.png","1678.91/1640.04","64.74","HTFNLL","0","yes","HTFNLL.png","0.2","Newcores"
"amyloid","","","","HTVIIE","0","N.A.","","243.7","Amylhex"
"non-amyloid","HWQNFA.png","1679.34/1643.66","4.7","HWQNFA","0","yes","HWQNFA.png","10.4","Sebset"
"non-amyloid","","","","HWRNFA","0","no","","0","Sebset"
"amyloid","","","","HYFNIF","0","N.A.","","593.2","Literature"
"non-amyloid","","","","ICSLYQ","0","N.A.","","53.9","Literature"
"non-amyloid","","","","IDLTQR","0","no","","0","Functionals"
"non-amyloid","","","","IEDSVI","0","no","","0","SOD1"
"non-amyloid","","","","IEKVEH","0","N.A.","","0","Amylhex"
"amyloid","","","","IEMIFV","0","N.A.","","6.8","Literature"
"amyloid","","","","IFDFIQ","0","N.A.","","1.1","Literature"
"non-amyloid","","","","IFNYNN","0","no","","0","Lindquist"
"non-amyloid","","","","IGIIKT","0","no","","0","FUS"
"non-amyloid","IGNNSI.png","1679.25/1649.51/1636.96","0","IGNNSI","0","yes","IGNNSI.png","0","Lindquist"
"non-amyloid","","","","IGRTLV","0","no","","0","SOD1"
"non-amyloid","","","","IGRTLW","0","no","","0","SOD1"
"non-amyloid","","","","IGWGSA","0","no","","0","TDP43"
"non-amyloid","","","","IHKAQN","0","N.A.","","0","Literature"
"amyloid","","","","IIHFGS","0","N.A.","","0","Literature"
"non-amyloid","IINFEQ.png","1679.12/1643.48","1.08","IINFEQ","0","yes","IINFEQ.png","0","SOD1"
"amyloid","","","","IINFIT","2.5","N.A.","","183.9","Literature"
"non-amyloid","","","","IIPFEQ","0","no","","0","SOD1"
"non-amyloid","","","","IITVTN","0","no","","0","Functionals"
"non-amyloid","","","","IKLANA","0","no","","0","sup35"
"non-amyloid","","","","ILENIS","0","N.A.","","74.1","Literature"
"non-amyloid","","","","ILGSNN","0","no","","0","Lindquist"
"amyloid","","","","ILVAGD","0","N.A.","","0","Literature"
"amyloid","","","","ILVAGS","0","N.A.","","0","Literature"
"non-amyloid","","","","INLYTD","0","no","","0","FUS"
"non-amyloid","","","","INNMTN","0","no","","0","Lindquist"
"non-amyloid","","","","INNVSN","0","no","","0","Lindquist"
"non-amyloid","INPAMM.png","1676.13/1646.87/1629.96","0","INPAMM","0","yes","INPAMM.png","0","TDP43"
"non-amyloid","","","","IQNNSN","0","no","","0.3","Lindquist"
"non-amyloid","","","","IQRTPK","0","N.A.","","0","Amylhex"
"non-amyloid","","","","IQVYSR","0","N.A.","","0.2","Amylhex"
"amyloid","","","","ISFLIF","56.5","N.A.","","299.5","Literature"
"non-amyloid","","","","ISLSGD","0","no","","0","SOD1"
"non-amyloid","","","","ISMTTS","0","N.A.","","0","Literature"
"non-amyloid","","","","ITQHGG","0","no","","0","Functionals"
"amyloid","","","","ITVIIE","4.4","N.A.","","212.7","Amylhex"
"non-amyloid","","","","ITVTND","0","no","","0","Functionals"
"amyloid","IVATTR.png","1678.73/1646.17","0","IVATTR","0","yes","IVATTR.png","0","Functionals"
"non-amyloid","","","","IVIRTP","0","no","","0","Functionals"
"non-amyloid","IVIVAT.png","1681.41/1646.77","4.72","IVIVAT","47.1","yes","IVIVAT.png","0","Functionals"
"amyloid","IVYSCE.png","1680.25/1641.93","0","IVYSCE","0","yes","IVYSCE.png","0","Sebset"
"amyloid","IVYSWE.png","1678.48/1638.39","0","IVYSWE","0","yes","IVYSWE.png","0","Sebset"
"non-amyloid","IYFNVQ.png","1682","9.01","IYFNVQ","0","yes","IYFNVQ.png","0","Newcores"
"non-amyloid","","","","IYQYGG","0","no","","0","Functionals"
"non-amyloid","","","","KAAIDW","0","no","","0","FUS"
"non-amyloid","","","","KAFIIQ","0","N.A.","","521.3","Literature"
"non-amyloid","","","","KAILFL","0","N.A.","","56.1","Literature"
"amyloid","","","","KDWSFY","0","N.A.","","28.2","Amylhex"
"non-amyloid","","","","KECLIN","0","N.A.","","108.7","Literature"
"non-amyloid","","","","KEEEKS","0","yes","","0","sup35"
"non-amyloid","","","","KEEKPV","0","yes","","0","sup35"
"non-amyloid","","","","KEEKSE","0","no","","0","sup35"
"non-amyloid","","","","KENIIF","0","N.A.","","135.6","Literature"
"non-amyloid","","","","KEPTRE","0","no","","0","sup35"
"non-amyloid","","","","KGENFT","0","N.A.","","0.4","Literature"
"amyloid","","","","KHIIVA","0","N.A.","","0","Literature"
"amyloid","","","","KIVKWD","0","N.A.","","0.8","Amylhex"
"non-amyloid","","","","KKEEEK","0","no","","0","sup35"
"non-amyloid","","","","KKEEKP","0","no","","0","sup35"
"non-amyloid","","","","KKEEKS","0","no","","0","sup35"
"non-amyloid","","","","KKTLKL","0","no","","0","sup35"
"non-amyloid","","","","KKVDTK","0","no","","0","sup35"
"non-amyloid","","","","KLANAT","0","no","","0","sup35"
"amyloid","","","","KLFIIQ","0","N.A.","","556.7","Literature"
"amyloid","KLFIQF.png","1677.65/1650.87/1629","16.11","KLFIQF","0","yes","KLFIQF.png","0.1","Newcores"
"non-amyloid","","","","KLLEIA","0","N.A.","","9.5","Literature"
"amyloid","","","","KLLIYE","0","N.A.","","204.1","Literature"
"amyloid","","","","KLVFFA","0","N.A.","","506","Literature"
"non-amyloid","","","","KLVSSS","0","no","","0","sup35"
"non-amyloid","","","","KMFFIQ","0","N.A.","","117.6","Literature"
"amyloid","","","","KNFNYN","0","N.A.","","491","Literature"
"non-amyloid","","","","KNFNYN","0","no","","491","sup35"
"non-amyloid","KPAESD.png","1679.95/1646.35","0","KPAESD","0","yes","KPAESD.png","0","sup35"
"non-amyloid","","","","KPKKTL","0","no","","0","sup35"
"non-amyloid","","","","KPVQTE","0","no","","0","sup35"
"non-amyloid","","","","KQAAPK","0","no","","0","sup35"
"non-amyloid","KQFGGG.png","1679.33/1643.7","4.74","KQFGGG","0","yes","KQFGGG.png","0","Functionals"
"amyloid","KQIGII.png","1678.24/1648/1637","49.97","KQIGII","0","yes","KQIGII.png","0","FUS"
"non-amyloid","","","","KQQKQA","0","no","","0","sup35"
"non-amyloid","","","","KSAETK","0","no","","0","sup35"
"non-amyloid","","","","KSELPK","0","no","","0","sup35"
"non-amyloid","","","","KSNFLN","0","N.A.","","0","Amylhex"
"non-amyloid","","","","KTLKLV","0","no","","0","sup35"
"amyloid","","","","KTVIIE","0","N.A.","","137.7","Amylhex"
"non-amyloid","","","","KTVIIT","0","N.A.","","274.4","Amylhex"
"non-amyloid","","","","KTVIVE","0","N.A.","","0","Amylhex"
"non-amyloid","","","","KTVIYE","0","N.A.","","249","Amylhex"
"non-amyloid","","","","KTVLIE","0","N.A.","","80.6","Amylhex"
"non-amyloid","","","","KVDTKP","0","no","","0","sup35"
"non-amyloid","","","","KVEDLK","0","no","","0","sup35"
"non-amyloid","","","","KVEEPV","0","no","","0","sup35"
"non-amyloid","","","","KVEHSD","0","N.A.","","0","Amylhex"
"amyloid","","","","KVQIIN","0","N.A.","","493","Literature"
"non-amyloid","","","","KWDRDM","0","N.A.","","0","Amylhex"
"non-amyloid","","","","KYLNWD","0","no","","2.2","Newcores"
"non-amyloid","","","","KYNNTG","0","no","","0","Lindquist"
"non-amyloid","","","","LAEAIG","0","N.A.","","2.4","Literature"
"non-amyloid","","","","LALQTD","0","N.A.","","0","Functionals"
"non-amyloid","","","","LANATK","0","N.A.","","0","sup35"
"amyloid","","","","LANFLV","0","N.A.","","0.2","Literature"
"non-amyloid","","","","LASQQN","0","no","","0","TDP43"
"non-amyloid","","","","LASRQN","0","no","","0","TDP43"
"amyloid","","","","LAVAGD","0","N.A.","","0","Literature"
"amyloid","","","","LAVLFL","68.5","N.A.","","558.3","Literature"
"non-amyloid","LDGFSR.png","1679.59/1644.93","4.91","LDGFSR","0","yes","LDGFSR.png","0","Sebset"
"non-amyloid","","","","LDGSSR","0","no","","0","Sebset"
"non-amyloid","","","","LDQWNG","0","no","","0","Functionals"
"amyloid","LEFWLQ.png","1643","0","LEFWLQ","0","yes","LEFWLQ.png","4.9","Newcores"
"non-amyloid","","","","LFMFND","0","no","","0","Sebset"
"non-amyloid","LFMSND.png","1679.52/1644.85","0","LFMSND","0","yes","LFMSND.png","0","Sebset"
"non-amyloid","","1679.15/1640.1","5.18","LFNNST","0","yes","","0.1","Lindquist"
"non-amyloid","","","","LGNNSN","0","no","","0","Lindquist"
"non-amyloid","","","","LIAGFN","0","N.A.","","0.1","Amylhex"
"amyloid","","","","LIFLIV","460.7","N.A.","","595.1","Literature"
"non-amyloid","","","","LINNSV","0","no","","0.4","Lindquist"
"amyloid","","","","LIVAAD","0","N.A.","","0","Literature"
"amyloid","","","","LIVAGD","0","N.A.","","0","Literature"
"amyloid","","","","LIVAGE","0","N.A.","","0","Literature"
"amyloid","","","","LIVAGK","0","N.A.","","0","Literature"
"amyloid","","","","LIVAGS","0","N.A.","","0","Literature"
"amyloid","","","","LIVAGT","0","N.A.","","0","Literature"
"non-amyloid","","","","LKLVSS","0","no","","0","sup35"
"non-amyloid","","","","LKNGER","0","N.A.","","0","Amylhex"
"non-amyloid","","","","LLFCHI","0.9","no","","0","Sebset"
"non-amyloid","LLFYHI.png","1679.23/1647.98/1626.8/1611","5.04","LLFYHI","5.1","yes","LLFYHI.png","0","Sebset"
"non-amyloid","LLGPTI.png","1677.56/1648.79/1638.26","5.25","LLGPTI","0","yes","LLGPTI.png","0","Sebset"
"non-amyloid","LLNKTN.png","1679.1/1644","0","LLNKTN","0","yes","LLNKTN.png","0","Lindquist"
"non-amyloid","","","","LLVPTI","0","no","","0","Sebset"
"amyloid","","","","LLYYTE","0","N.A.","","0.2","Amylhex"
"non-amyloid","","","","LMNTTN","0","N.A.","","0","Lindquist"
"non-amyloid","","","","LMSLFG","0","N.A.","","3.1","Literature"
"non-amyloid","","","","LNDFQK","0","no","","0","sup35"
"non-amyloid","","","","LNIYQY","0","no","","0","Functionals"
"non-amyloid","","","","LNNITA","0","no","","0","Lindquist"
"non-amyloid","","","","LPKVED","0","no","","0","sup35"
"non-amyloid","","","","LQGYQA","0","no","","0","sup35"
"non-amyloid","","","","LQNVSN","0","no","","0","Lindquist"
"non-amyloid","","","","LQSSWG","0","no","","0","TDP43"
"non-amyloid","LQTDAR.png","1678.62/1646","4.88","LQTDAR","0","yes","LQTDAR.png","0","Functionals"
"amyloid","","","","LSFSKD","0","N.A.","","0","Amylhex"
"non-amyloid","","","","LSGDHC","0","no","","0","SOD1"
"non-amyloid","","","","LSQPKI","0","N.A.","","0","Amylhex"
"non-amyloid","LTFIQV.png","1679.6","19.75","LTFIQV","0.7","yes","LTFIQV.png","0","Newcores"
"non-amyloid","","","","LTITQH","0","no","","0","Functionals"
"non-amyloid","","","","LTQRGF","0","no","","0","Functionals"
"amyloid","","","","LTVIIE","3.5","N.A.","","325.9","Amylhex"
"amyloid","","","","LVEALY","0","N.A.","","0","Amylhex"
"amyloid","LVFYQQ.png","1678.32","0","LVFYQQ","0","yes","LVFYQQ.png","0","Newcores"
"non-amyloid","","","","LVSSSG","0","no","","0","sup35"
"amyloid","","","","LYQLEN","0","N.A.","","0.6","Amylhex"
"non-amyloid","","","","MAAAQA","0","no","","0","TDP43"
"non-amyloid","MERLRI.png","1679.21/1643.24","0","MERLRI","0","yes","MERLRI.png","0","Sebset"
"non-amyloid","MEWLRI.png","1679.53/1646.3/1632.53","6","MEWLRI","0","yes","MEWLRI.png","0","Sebset"
"non-amyloid","","","","MGGGMN","0","no","","0","TDP43"
"non-amyloid","","","","MGMLAS","0","no","","0","TDP43"
"non-amyloid","","","","MGNNTV","0","no","","0","Lindquist"
"amyloid","","","","MIENIQ","0","N.A.","","128.3","Literature"
"amyloid","","","","MIHFGN","0","N.A.","","0","Literature"
"non-amyloid","","","","MINLYT","0","no","","428.8","FUS"
"non-amyloid","","","","MLASQQ","0","no","","0","TDP43"
"non-amyloid","","","","MLASRQ","0","no","","0","TDP43"
"amyloid","","","","MLVLFV","202.1","N.A.","","583.2","Literature"
"non-amyloid","","","","MMAAAQ","0","no","","0","TDP43"
"non-amyloid","","","","MMGMLA","0","no","","0","TDP43"
"amyloid","","","","MMHFGN","0","N.A.","","0","Literature"
"non-amyloid","","","","MNFGAF","0","no","","0","TDP43"
"non-amyloid","","","","MNFGTF","0","no","","0","TDP43"
"non-amyloid","","","","MSDSNQ","0","no","","0","sup35"
"non-amyloid","MSLNDF.png","1678.76/1646.92","0","MSLNDF","0","yes","MSLNDF.png","0","sup35"
"amyloid","MTFIQN.png","1679","0.29","MTFIQN","0","yes","MTFIQN.png","0","Newcores"
"amyloid","","","","MTVIIE","0","N.A.","","237.8","Amylhex"
"non-amyloid","MTVKQF.png","1677.89/1652/1640.35","5.29","MTVKQF","0","yes","MTVKQF.png","0","Functionals"
"amyloid","","","","MVGGVV","0","N.A.","","0","Literature"
"non-amyloid","","","","MYFFIF","251.4","N.A.","","585.6","Literature"
"non-amyloid","","","","MYWIIF","189.2","N.A.","","598.5","Literature"
"non-amyloid","","","","NAGSGS","0","no","","0","TDP43"
"non-amyloid","","","","NANASS","0","no","","0","Lindquist"
"non-amyloid","","","","NANTSN","0","no","","0","Lindquist"
"non-amyloid","","","","NAQAQP","0","no","","0","sup35"
"non-amyloid","NATAHQ.png","1676.86/1642.42","8.22","NATAHQ","0","yes","NATAHQ.png","0","Functionals"
"non-amyloid","","","","NATKKV","0","no","","0","sup35"
"non-amyloid","NDFQKQ.png","1675.61/1653/1635.65/1605","0","NDFQKQ","0","yes","NDFQKQ.png","0","sup35"
"non-amyloid","NDNNNN.png","1679.14/1644.4/1632.31","0","NDNNNN","0","yes","NDNNNN.png","0","Lindquist"
"non-amyloid","","","","NDNNSN","0","no","","0.2","Lindquist"
"non-amyloid","","","","NENGNA","0","no","","0","Lindquist"
"non-amyloid","NFFIQS.png","1682","0.02","NFFIQS","0","yes","NFFIQS.png","0.6","Newcores"
"non-amyloid","","","","NFFWLL","4.7","no","","297.9","Newcores"
"non-amyloid","","","","NFGAFS","0","no","","20.3","TDP43"
"amyloid","","","","NFGAIL","0","N.A.","","50.3","Amylhex"
"amyloid","","","","NFGSVQ","0","N.A.","","0","Literature"
"non-amyloid","","","","NFGTFS","0","no","","15.1","TDP43"
"amyloid","","","","NFLVH","0","N.A.","","0","Literature"
"amyloid","","","","NFLVHS","0","N.A.","","0","Literature"
"non-amyloid","","","","NFNNGN","0","no","","0","Lindquist"
"non-amyloid","NFNYNN.png","1679.61/1643.15","5.9","NFNYNN","0","yes","NFNYNN.png","0.1","sup35"
"non-amyloid","","","","NGAAVD","0","no","","0","Functionals"
"non-amyloid","","","","NGADVG","0","no","","0","Functionals"
"non-amyloid","","","","NGERIE","0","N.A.","","0","Amylhex"
"non-amyloid","","","","NGIVIV","0","no","","1.7","Functionals"
"non-amyloid","","","","NGKSNF","0","no","","0","Amylhex"
"non-amyloid","","","","NGNLSN","0","no","","0","Lindquist"
"non-amyloid","","","","NGNLTS","0","no","","0","Lindquist"
"non-amyloid","","","","NGNNSN","0","no","","0","Lindquist"
"non-amyloid","","","","NGNQNR","0","no","","0","Lindquist"
"non-amyloid","NGNQQQ.png","1678.82/1642.02","0","NGNQQQ","0","yes","NGNQQQ.png","0","sup35"
"non-amyloid","","","","NHGGGG","0","no","","0","Functionals"
"amyloid","","","","NHVTLS","0","N.A.","","0","Amylhex"
"non-amyloid","NIDQSF.png","1678.49/1645.19","0","NIDQSF","0","yes","NIDQSF.png","0","Sebset"
"amyloid","","","","NIFNFT","0","N.A.","","583.3","Literature"
"amyloid","","","","NIFNIT","0","N.A.","","591.5","Literature"
"amyloid","NIFWVQ.png","1680.03/1641.83","18.51","NIFWVQ","0","yes","NIFWVQ.png","0.2","Newcores"
"non-amyloid","","","","NIGNNS","0","no","","0","Lindquist"
"non-amyloid","","","","NIGQSF","0","no","","0","Sebset"
"amyloid","","","","NINFFT","0","N.A.","","239.5","Literature"
"amyloid","","","","NINFIT","0","N.A.","","341.8","Literature"
"non-amyloid","","","","NININV","0","no","","0","Lindquist"
"amyloid","NINKSN.png","1680/1645","0","NINKSN","0","yes","NINKSN.png","0","Lindquist"
"non-amyloid","","","","NINNNN","0","no","","0","Lindquist"
"non-amyloid","","","","NINNSI","0","no","","0.1","Lindquist"
"non-amyloid","","","","NINNST","0","no","","0.1","Lindquist"
"non-amyloid","","","","NIQYQF","0","N.A.","","0.1","Literature"
"non-amyloid","","","","NISNNN","0","no","","0","Lindquist"
"non-amyloid","","","","NIVLIM","1.8","N.A.","","598.8","Literature"
"non-amyloid","","","","NIYQYG","0","no","","0.7","Functionals"
"non-amyloid","","","","NKFGGP","0","no","","0","FUS"
"amyloid","NLFYQL.png","1679","197.18","NLFYQL","0","yes","NLFYQL.png","0.1","Newcores"
"non-amyloid","","","","NLGPVL","0","N.A.","","0","Amylhex"
"non-amyloid","","","","NLQGYQ","0","no","","0.1","sup35"
"non-amyloid","","","","NLYTDR","0","no","","0","FUS"
"non-amyloid","","","","NMGGGM","0","no","","0","TDP43"
"non-amyloid","","","","NMNMNL","0","no","","0","Lindquist"
"non-amyloid","","","","NNATAH","0","no","","0","Functionals"
"non-amyloid","","","","NNGGNN","0","no","","0","Lindquist"
"non-amyloid","","","","NNLQGY","0","no","","0","sup35"
"non-amyloid","","","","NNNGNQ","0","no","","0","Lindquist"
"non-amyloid","","","","NNNISN","0","no","","0","Lindquist"
"non-amyloid","","","","NNNISV","0","no","","0","Lindquist"
"non-amyloid","","","","NNNKNN","0","no","","0","Lindquist"
"non-amyloid","","","","NNNLQG","0","no","","0","sup35"
"non-amyloid","","","","NNNNNE","0","no","","0","Lindquist"
"non-amyloid","NNNNSN.png","1679.31","0","NNNNSN","0","yes","NNNNSN.png","0","Lindquist"
"non-amyloid","","","","NNNNTN","0","no","","0","Lindquist"
"non-amyloid","","","","NNNRGG","0","no","","0","Lindquist"
"non-amyloid","","","","NNNSSS","0","no","","0","Lindquist"
"amyloid","NNNWSL.png","1679.25/1644.43/1630.59","167.51","NNNWSL","0","yes","NNNWSL.png","0","Lindquist"
"amyloid","","","","NNQNTF","0","N.A.","","0","Literature"
"amyloid","","","","NNQQNY","0","N.A.","","0","Literature"
"non-amyloid","","","","NNQQNY","0","no","","0","sup35"
"non-amyloid","","","","NNRYQG","0","no","","0","sup35"
"amyloid","NNSGPN.png","1679.32/1642.83","5.05","NNSGPN","0","yes","NNSGPN.png","0","Functionals"
"non-amyloid","","","","NNSYSG","0","no","","0","TDP43"
"non-amyloid","","","","NNTIFV","0","no","","1.4","FUS"
"non-amyloid","","","","NPAMMA","0","no","","0","TDP43"
"non-amyloid","","","","NPDAGY","0","no","","0","sup35"
"non-amyloid","","","","NPQGGR","0","no","","0","sup35"
"non-amyloid","","","","NPQGGY","0","no","","0","sup35"
"amyloid","","","","NQFIIS","0","N.A.","","598.3","Literature"
"amyloid","NQFNLM.png","1679.53/1646.36","35.87","NQFNLM","0","yes","NQFNLM.png","42.8","Newcores"
"non-amyloid","","","","NQGNNQ","0","no","","0","sup35"
"non-amyloid","","","","NQGYNT","0","no","","0","Lindquist"
"non-amyloid","NQNMNN.png","1675.94/1641.29","0","NQNMNN","0","yes","NQNMNN.png","0","Lindquist"
"amyloid","","","","NQNNFV","0","N.A.","","504.1","Literature"
"amyloid","","","","NQQNQY","0","N.A.","","0","Literature"
"non-amyloid","NQQNYQ.png","1677.9/1642.39","0","NQQNYQ","0","yes","NQQNYQ.png","539.8","sup35"
"non-amyloid","","","","NQQQGN","0","no","","0","sup35"
"non-amyloid","","","","NQSCPS","0","no","","0","TDP43"
"non-amyloid","","","","NQSGFG","0","no","","0","TDP43"
"non-amyloid","","","","NQYNSS","0","no","","0.2","FUS"
"non-amyloid","","","","NRYQGY","0","no","","0","sup35"
"non-amyloid","","","","NSALAL","0","no","","0","Functionals"
"non-amyloid","","","","NSATLD","0","no","","0","Functionals"
"non-amyloid","","","","NSGAAI","0","no","","0","TDP43"
"non-amyloid","","","","NSNINQ","0","no","","0","Lindquist"
"non-amyloid","","","","NSNLTA","0","no","","0","Lindquist"
"non-amyloid","","","","NSNNSN","0","no","","0","Lindquist"
"non-amyloid","NSNSSN.png","1676.33/1637.99","0","NSNSSN","0","yes","NSNSSN.png","0","Lindquist"
"non-amyloid","","","","NSNTNT","0","no","","0","Lindquist"
"non-amyloid","","","","NSNTTK","0","no","","0","Lindquist"
"non-amyloid","","","","NSNYTQ","0","no","","0","Lindquist"
"non-amyloid","","","","NSSFNG","0","no","","0","Lindquist"
"non-amyloid","","","","NSYSGS","0","no","","0","TDP43"
"non-amyloid","","","","NTIFVQ","0","no","","0","FUS"
"non-amyloid","","","","NTNNTS","0","no","","0","Lindquist"
"amyloid","","","","NTVIIE","0","N.A.","","374.1","Amylhex"
"non-amyloid","","","","NVAMHV","0","no","","0","Sebset"
"non-amyloid","NVAVHV.png","1685/1672/1651/1632.46","44.32","NVAVHV","0","yes","NVAVHV.png","0","Sebset"
"non-amyloid","","","","NVNFSN","0","no","","0.1","Lindquist"
"non-amyloid","NVTQVG.png","1678.63/1646.63","6.3","NVTQVG","0","yes","NVTQVG.png","0","Functionals"
"amyloid","","","","NYCNFV","0","N.A.","","399.6","Literature"
"non-amyloid","","","","NYFAIR","0","N.A.","","94","Literature"
"non-amyloid","","","","NYKNFN","0","no","","8.6","sup35"
"non-amyloid","NYNNNL.png","1677/1650/1637","5.51","NYNNNL","0","yes","NYNNNL.png","0","sup35"
"non-amyloid","","","","NYNNSG","0","no","","0","Lindquist"
"non-amyloid","","","","NYNNSS","0","no","","0.1","Lindquist"
"non-amyloid","","","","NYNTYR","0","N.A.","","4.4","Literature"
"non-amyloid","","","","NYQGYS","0","no","","0.2","sup35"
"non-amyloid","","","","NYQQYS","0","no","","3","sup35"
"amyloid","","","","NYVWIV","10.7","N.A.","","599.8","Literature"
"non-amyloid","","","","PAESDK","0","no","","0","sup35"
"non-amyloid","","","","PAGGYY","0","no","","0","sup35"
"non-amyloid","","","","PAMMAA","0","no","","0","TDP43"
"non-amyloid","","","","PDAGYQ","0","no","","0","sup35"
"non-amyloid","","","","PGGFGN","0","no","","0","TDP43"
"non-amyloid","","","","PKIQVY","0","N.A.","","0","Amylhex"
"non-amyloid","","","","PKKTLK","0","no","","0","sup35"
"non-amyloid","","","","PKPKKT","0","no","","0","sup35"
"non-amyloid","","","","PKVEDL","0","no","","0","sup35"
"non-amyloid","","","","PMINLY","0","no","","0","FUS"
"non-amyloid","PNGITL.png","1679/1649/1633","0","PNGITL","0","yes","PNGITL.png","0","Sebset"
"non-amyloid","","","","PNSANS","0","no","","0","Lindquist"
"non-amyloid","PNVITL.png","1679.96/1650/1639","5.68","PNVITL","0","yes","PNVITL.png","0","Sebset"
"non-amyloid","","","","PQGGRG","0","no","","0","sup35"
"non-amyloid","PQGGYQ.png","1679/1650","7.13","PQGGYQ","0","yes","PQGGYQ.png","0","sup35"
"non-amyloid","","","","PQSQGM","0","no","","0","sup35"
"non-amyloid","","","","PQYGGG","0","no","","0","Functionals"
"non-amyloid","","","","PSDIEV","0","N.A.","","0","Amylhex"
"non-amyloid","","","","PSGNNQ","0","no","","0","TDP43"
"non-amyloid","","","","PTEKDE","0","N.A.","","0","Amylhex"
"non-amyloid","","","","PTKVEE","0","no","","0","sup35"
"non-amyloid","PTREPT.png","1676/1646/1634","0","PTREPT","0","yes","PTREPT.png","0","sup35"
"non-amyloid","","","","PTVIIE","0","N.A.","","1.5","Amylhex"
"non-amyloid","","","","PVKKEE","0","no","","0","sup35"
"non-amyloid","PVQTEE.png","1679/1643","0","PVQTEE","0","yes","PVQTEE.png","0","sup35"
"non-amyloid","","","","PYGQQS","0","no","","0","FUS"
"non-amyloid","","","","QAALQS","0","no","","0","TDP43"
"non-amyloid","","","","QAAPKP","0","no","","0","sup35"
"non-amyloid","","","","QAGFQP","0","no","","0","sup35"
"amyloid","","","","QANKHI","0","N.A.","","0","Literature"
"non-amyloid","","","","QAQNQW","0","N.A.","","0","Literature"
"non-amyloid","","","","QAQPAG","0","no","","0","sup35"
"non-amyloid","QAYNAQ.png","1679.23/1651.63","5.65","QAYNAQ","0","yes","QAYNAQ.png","0","sup35"
"amyloid","","","","QEMRHF","0","N.A.","","0","Literature"
"amyloid","QFFLQF.png","1679.1/1640.29","57.8","QFFLQF","0","yes","QFFLQF.png","0.5","Newcores"
"non-amyloid","","","","QFGGGN","0","no","","0","Functionals"
"non-amyloid","","","","QFNPQG","0","no","","0","sup35"
"non-amyloid","","","","QGFNNQ","0","no","","0","Newcores"
"non-amyloid","","","","QGGRGN","0","no","","0","sup35"
"non-amyloid","QGGYQQ.png","1679.13/1649.55","5.02","QGGYQQ","0","yes","QGGYQQ.png","0","sup35"
"non-amyloid","","","","QGMSLN","0","no","","0","sup35"
"non-amyloid","","","","QGNNQQ","0","no","","0","sup35"
"non-amyloid","","","","QGNNRY","0","no","","0","sup35"
"non-amyloid","QGYQAG.png","1679.14/1647.21","0","QGYQAG","0","yes","QGYQAG.png","0","sup35"
"non-amyloid","","","","QGYQAY","0","no","","0","sup35"
"non-amyloid","","","","QGYSGY","0","no","","0","sup35"
"non-amyloid","","","","QHGGGN","0","no","","0","Functionals"
"non-amyloid","","","","QIGIIK","0","no","","6.7","FUS"
"amyloid","QILLWS.png","1678.79/1643.35","188.95","QILLWS","0.8","yes","QILLWS.png","33.5","Newcores"
"non-amyloid","","","","QKQAAP","0","no","","0","sup35"
"non-amyloid","QKQQKQ.png","1678.55/1649.24","4.69","QKQQKQ","0","yes","QKQQKQ.png","0","sup35"
"amyloid","","","","QLENYC","0","N.A.","","88.6","Literature"
"amyloid","QLFINF.png","1678.58/1641.41","2.64","QLFINF","0","yes","QLFINF.png","0.1","Newcores"
"non-amyloid","","","","QLFINN","0","no","","0.1","Newcores"
"amyloid","QLFLQI.png","1678.47/1641/1606.91","5.17","QLFLQI","0","yes","QLFLQI.png","0","Newcores"
"non-amyloid","","","","QNGNQQ","0","no","","0","sup35"
"amyloid","QNLLWQ.png","1677","137.24","QNLLWQ","0","yes","QNLLWQ.png","0.3","Newcores"
"non-amyloid","","","","QNQSCP","0","no","","0","TDP43"
"non-amyloid","","","","QNQSGP","0","no","","0","TDP43"
"non-amyloid","","","","QNQYNS","0","no","","0","FUS"
"non-amyloid","","","","QNSLNM","0","no","","0","Lindquist"
"non-amyloid","QNYQGY.png","1676.54/1644.54","0","QNYQGY","0","yes","QNYQGY.png","0","sup35"
"non-amyloid","","","","QNYQQY","0","no","","0","sup35"
"non-amyloid","","","","QPAGGY","0","no","","0","sup35"
"non-amyloid","","","","QPKIVK","0","N.A.","","0","Amylhex"
"non-amyloid","","","","QPMINL","0","no","","0","FUS"
"non-amyloid","","","","QPQSQG","0","no","","0","sup35"
"non-amyloid","","","","QQFNPQ","0","no","","0","sup35"
"non-amyloid","QQGGYQ.png","1677.94/1651.08","0","QQGGYQ","0","yes","QQGGYQ.png","0","sup35"
"non-amyloid","","","","QQGNNR","0","no","","0","sup35"
"non-amyloid","","","","QQKQAA","0","no","","0","sup35"
"non-amyloid","","","","QQNQSC","0","no","","0","TDP43"
"non-amyloid","","","","QQNQSG","0","no","","0","TDP43"
"non-amyloid","","","","QQNQYN","0","no","","6.8","FUS"
"non-amyloid","","","","QQNTSF","0","no","","0","Lindquist"
"non-amyloid","","","","QQNYQQ","0","no","","0","sup35"
"non-amyloid","","","","QQNYSK","0","no","","0","Lindquist"
"non-amyloid","","","","QQQFNP","0","no","","0","sup35"
"non-amyloid","","","","QQQGNN","0","no","","0","sup35"
"non-amyloid","","","","QQQSYG","0","no","","3.9","FUS"
"non-amyloid","","","","QQQSYN","0","no","","131.1","FUS"
"non-amyloid","","","","QQQYNP","0","no","","0","sup35"
"non-amyloid","","","","QQSYGQ","0","no","","0","FUS"
"non-amyloid","","","","QQSYNP","0","no","","0","FUS"
"non-amyloid","","","","QQSYSG","0","no","","0","FUS"
"non-amyloid","","","","QQYNPD","0","no","","0","sup35"
"non-amyloid","","","","QQYNPQ","0","no","","0","sup35"
"non-amyloid","","","","QQYSQN","0","no","","0","sup35"
"non-amyloid","","","","QRGFGN","0","no","","0","Functionals"
"non-amyloid","","","","QSCPSG","0","no","","0","TDP43"
"non-amyloid","","","","QSGFGN","0","no","","0","TDP43"
"non-amyloid","","","","QSQGMS","0","no","","0","sup35"
"non-amyloid","","","","QSSWGM","0","no","","0","TDP43"
"non-amyloid","","","","QSSYSS","0","no","","0","FUS"
"non-amyloid","","","","QSYGQQ","0","no","","0","FUS"
"non-amyloid","","","","QSYNPP","0","no","","0","FUS"
"non-amyloid","","","","QSYSGY","0","no","","0","FUS"
"non-amyloid","QTDARN.png","1673.38/1641.3","0","QTDARN","0","yes","QTDARN.png","0","Functionals"
"non-amyloid","","","","QTEEKK","0","no","","0","sup35"
"amyloid","QTFLVN.png","1680.49","59.07","QTFLVN","0","yes","QTFLVN.png","0","Newcores"
"non-amyloid","","","","QTFNLF","0","no","","0.5","Newcores"
"non-amyloid","","","","QTNLYG","0","N.A.","","9","Literature"
"amyloid","","","","QTVIIE","0","N.A.","","248.8","Amylhex"
"non-amyloid","","","","QVGFGN","0","no","","0","Functionals"
"non-amyloid","QVVHIG.png","1679.78/1643.15","4.64","QVVHIG","0","yes","QVVHIG.png","18.5","Sebset"
"non-amyloid","QVVPIG.png","1675.32/1641.86","0","QVVPIG","0","yes","QVVPIG.png","0","Sebset"
"non-amyloid","QWNGKN.png","1648.9","4.63","QWNGKN","0","yes","QWNGKN.png","0","Functionals"
"amyloid","QYFEQF.png","1672.41/1648.28","0.13","QYFEQF","0","yes","QYFEQF.png","0","Newcores"
"non-amyloid","","","","QYGGGG","0","no","","0","Functionals"
"non-amyloid","","","","QYGGGN","0","no","","0","Functionals"
"amyloid","","","","QYGGNA","0","N.A.","","0","Literature"
"amyloid","","","","QYGGNN","0","N.A.","","0","Literature"
"non-amyloid","","","","QYNNSN","0","no","","0.2","Lindquist"
"non-amyloid","","","","QYNPDA","0","no","","0","sup35"
"non-amyloid","","","","QYNPQG","0","no","","0","sup35"
"non-amyloid","","","","QYSQNG","0","no","","0","sup35"
"non-amyloid","","","","REPTKV","0","no","","0","sup35"
"non-amyloid","","","","RETWFF","0","N.A.","","0.8","Literature"
"non-amyloid","","","","RGFFYT","0","N.A.","","25.3","Amylhex"
"non-amyloid","","","","RGFGNS","0","no","","0","Functionals"
"non-amyloid","","","","RGGFNK","0","no","","0","FUS"
"non-amyloid","RGNYKN.png","1678.65/1651.8/1637.01","6.01","RGNYKN","0","yes","RGNYKN.png","0","sup35"
"non-amyloid","RIGIAQ.png","1678.98/1652.63/1642.14","3.05","RIGIAQ","0","yes","RIGIAQ.png","0","SOD1"
"non-amyloid","","","","RLSNNI","0","no","","0","Lindquist"
"non-amyloid","","","","RLVFID","0","N.A.","","191.1","Literature"
"non-amyloid","","","","RMFNII","0","N.A.","","28.1","Literature"
"non-amyloid","","","","RNLTKD","0","N.A.","","0","Literature"
"non-amyloid","","","","RQFNQT","0","no","","0","Newcores"
"non-amyloid","","","","RQNQSG","0","no","","0","TDP43"
"amyloid","","","","RQVLIF","0","N.A.","","574.6","Literature"
"non-amyloid","","","","RTPKIQ","0","N.A.","","0","Amylhex"
"amyloid","","","","RTVIIE","0","N.A.","","33.4","Amylhex"
"non-amyloid","","","","RVAFFE","0","N.A.","","0.3","Literature"
"amyloid","","","","RVFNIM","0","N.A.","","394.1","Literature"
"non-amyloid","","","","RVNHVT","0","N.A.","","0","Amylhex"
"non-amyloid","","","","RVNNNA","0","no","","0","Lindquist"
"non-amyloid","","","","RYQGYQ","0","no","","0","sup35"
"non-amyloid","","","","SAETKE","0","no","","0","sup35"
"amyloid","SALALQ.png","1676.55/1638.09","4.58","SALALQ","0","yes","SALALQ.png","0","Functionals"
"non-amyloid","","","","SASNAG","0","no","","0","TDP43"
"non-amyloid","","","","SATLDQ","0","no","","0","Functionals"
"amyloid","","","","SAVIIE","0.8","N.A.","","414.2","Amylhex"
"non-amyloid","","","","SCNNNN","0","no","","0","Lindquist"
"non-amyloid","","","","SCPSGN","0","no","","0","TDP43"
"non-amyloid","","","","SDKKEE","0","no","","0","sup35"
"non-amyloid","","","","SDLSFS","0","N.A.","","0.2","Amylhex"
"non-amyloid","","","","SDLTIT","0","no","","5.3","Functionals"
"non-amyloid","","","","SDNNTI","0","no","","0","FUS"
"non-amyloid","","","","SDSNQG","0","no","","0","sup35"
"amyloid","","","","SDVIIE","0","N.A.","","411.7","Amylhex"
"amyloid","SELNIY.png","1679.48/1649.99","0","SELNIY","0","yes","SELNIY.png","52.9","Functionals"
"non-amyloid","","","","SELPKV","0","no","","0","sup35"
"non-amyloid","","","","SEMTVK","0","no","","0","Functionals"
"amyloid","","","","SEVIIE","0","N.A.","","253.3","Amylhex"
"amyloid","","","","SFFFIQ","31.4","N.A.","","568.2","Literature"
"amyloid","","","","SFLIFL","23.1","N.A.","","459","Literature"
"amyloid","","","","SFQIYA","0","N.A.","","582.2","Literature"
"amyloid","","","","SFVIIE","12.5","N.A.","","579.4","Amylhex"
"non-amyloid","","","","SGAAIG","0","no","","0","TDP43"
"non-amyloid","SGDHCI.png","1679.35/1637.07","0","SGDHCI","0","yes","SGDHCI.png","0","SOD1"
"non-amyloid","","","","SGFGNS","0","no","","0","TDP43"
"non-amyloid","","","","SGFHPS","0","N.A.","","0","Amylhex"
"non-amyloid","","","","SGIKLA","0","no","","0","sup35"
"non-amyloid","","","","SGSGFN","0","no","","0","TDP43"
"non-amyloid","","","","SGSNSG","0","no","","0","TDP43"
"amyloid","","","","SGVIIE","0","N.A.","","57.6","Amylhex"
"non-amyloid","","","","SGYQQG","0","no","","0","sup35"
"non-amyloid","","","","SHLVEA","0","N.A.","","0","Amylhex"
"non-amyloid","","","","SHVIIE","0","N.A.","","49.4","Amylhex"
"non-amyloid","","","","SIDLTQ","0","no","","0","Functionals"
"non-amyloid","","","","SIEDSV","0","no","","0","SOD1"
"non-amyloid","","","","SINPAM","0","no","","0","TDP43"
"amyloid","","","","SIVIIE","11.1","N.A.","","552.6","Amylhex"
"non-amyloid","","","","SKVIIE","0","N.A.","","3","Amylhex"
"non-amyloid","","","","SLNDFQ","0","no","","0","sup35"
"non-amyloid","","","","SLSGDH","0","no","","0","SOD1"
"amyloid","","","","SLVIIE","5.6","N.A.","","486.4","Amylhex"
"non-amyloid","","","","SLYQLE","0","N.A.","","0","Amylhex"
"amyloid","","","","SMVIIE","1.2","N.A.","","143.4","Amylhex"
"amyloid","","","","SMVLFS","1.5","N.A.","","154.4","Literature"
"non-amyloid","","","","SNAGSG","0","no","","0","TDP43"
"non-amyloid","","","","SNGIVI","0","no","","0","Functionals"
"non-amyloid","","","","SNMGGG","0","no","","0","TDP43"
"non-amyloid","","","","SNNFGA","0","N.A.","","0","Literature"
"non-amyloid","","","","SNNSNI","0","no","","0","Lindquist"
"non-amyloid","","","","SNQGNN","0","no","","0","sup35"
"amyloid","","","","SNQNNF","0","N.A.","","0","Literature"
"non-amyloid","","","","SNSGAA","0","no","","0","TDP43"
"non-amyloid","","","","SNTNNT","0","no","","0","Lindquist"
"amyloid","","","","SNVIIE","0","N.A.","","83.4","Amylhex"
"non-amyloid","","","","SPVIIE","0","N.A.","","1.9","Amylhex"
"amyloid","","","","SQFYIT","0","N.A.","","587","Literature"
"non-amyloid","","","","SQGMSL","0","no","","0","sup35"
"non-amyloid","","","","SQNGNQ","0","no","","0","sup35"
"non-amyloid","","","","SQQNQS","0","no","","0","TDP43"
"amyloid","","","","SQVIIE","0","N.A.","","556.2","Amylhex"
"non-amyloid","","","","SRHPAE","0","N.A.","","0","Amylhex"
"non-amyloid","","","","SRQNQS","0","no","","0","TDP43"
"non-amyloid","","","","SRVIIE","0","N.A.","","4","Amylhex"
"non-amyloid","","","","SSGIKL","0","no","","0","sup35"
"non-amyloid","","","","SSIDLT","0","no","","0","Functionals"
"amyloid","","","","SSNNFG","0","N.A.","","0.1","Literature"
"non-amyloid","","","","SSNNNS","0","no","","0","Lindquist"
"non-amyloid","SSSGIK.png","1679.08/1647.04/1637.39","0","SSSGIK","0","yes","SSSGIK.png","0","sup35"
"amyloid","","","","SSTNVG","0","N.A.","","0","Literature"
"amyloid","","","","SSTSAA","0","N.A.","","0","Literature"
"amyloid","","","","SSVIIE","0","N.A.","","36.4","Amylhex"
"non-amyloid","SSVNVT.png","1679.65/1645.93","5.67","SSVNVT","0","yes","SSVNVT.png","0","Functionals"
"non-amyloid","SSWGMM.png","1681.56/1646.83/1630.66","0","SSWGMM","0","yes","SSWGMM.png","0","TDP43"
"non-amyloid","","","","SSYSSY","0","no","","0","FUS"
"non-amyloid","","","","STADWE","0","N.A.","","0","Amylhex"
"non-amyloid","","","","STAIIE","0","N.A.","","1.2","Amylhex"
"non-amyloid","","","","STDIIE","0","N.A.","","0","Amylhex"
"amyloid","","","","STEIIE","0","N.A.","","1.7","Amylhex"
"amyloid","","","","STFIFE","0.7","N.A.","","69","Amylhex"
"amyloid","","","","STFIIE","0.6","N.A.","","123.4","Amylhex"
"amyloid","","","","STFLIE","0","N.A.","","71.5","Amylhex"
"amyloid","","","","STFTFE","0","N.A.","","2.6","Amylhex"
"non-amyloid","","","","STFTIE","0","N.A.","","5.2","Amylhex"
"non-amyloid","","","","STGIIE","0","N.A.","","0.3","Amylhex"
"non-amyloid","","","","STHIIE","0","N.A.","","0","Amylhex"
"non-amyloid","","","","STIIIE","0","N.A.","","4.2","Amylhex"
"non-amyloid","","","","STKIIE","0","N.A.","","0","Amylhex"
"non-amyloid","","","","STLIFE","0","N.A.","","3.3","Amylhex"
"amyloid","","","","STLIIE","0","N.A.","","6.5","Amylhex"
"non-amyloid","","","","STLIYE","0","N.A.","","15.2","Amylhex"
"non-amyloid","","","","STLLIE","0","N.A.","","3.4","Amylhex"
"non-amyloid","","","","STLLYE","0","N.A.","","8","Amylhex"
"non-amyloid","","","","STLTFE","0","N.A.","","0.1","Amylhex"
"non-amyloid","","","","STLTIE","0","N.A.","","0.2","Amylhex"
"non-amyloid","","","","STMIIE","0","N.A.","","0.1","Amylhex"
"amyloid","","","","STMSIT","0","N.A.","","0","Literature"
"non-amyloid","","","","STNIFE","0","N.A.","","1.8","Amylhex"
"amyloid","","","","STNIIE","0","N.A.","","3.5","Amylhex"
"non-amyloid","","","","STNIYE","0","N.A.","","8.3","Amylhex"
"non-amyloid","","","","STNNTN","0","no","","0","Lindquist"
"non-amyloid","","","","STNSNT","0","no","","0","Lindquist"
"non-amyloid","","","","STNTFE","0","N.A.","","0.1","Amylhex"
"non-amyloid","","","","STNTIE","0","N.A.","","0.1","Amylhex"
"non-amyloid","","","","STPIIE","0","N.A.","","0","Amylhex"
"non-amyloid","","","","STQIFE","0","N.A.","","4.5","Amylhex"
"amyloid","","","","STQIIE","0","N.A.","","8.9","Amylhex"
"non-amyloid","","","","STQIYE","0","N.A.","","20.7","Amylhex"
"non-amyloid","","","","STRIIE","0","N.A.","","0","Amylhex"
"amyloid","","","","STSIIE","0","N.A.","","2.7","Amylhex"
"non-amyloid","","","","STTIIE","0","N.A.","","0","Amylhex"
"non-amyloid","STTVVT.png","1679.75/1642.29","5.29","STTVVT","0","yes","STTVVT.png","0","Functionals"
"non-amyloid","","","","STVAIE","0","N.A.","","6.9","Amylhex"
"non-amyloid","","","","STVDIE","0","N.A.","","0","Amylhex"
"amyloid","","","","STVEIE","0","N.A.","","1.4","Amylhex"
"amyloid","","","","STVFIE","0.7","N.A.","","37.3","Amylhex"
"non-amyloid","","","","STVGIE","0","N.A.","","0","Amylhex"
"non-amyloid","","","","STVHIE","0","N.A.","","1.1","Amylhex"
"non-amyloid","","","","STVIAE","0","N.A.","","0","Amylhex"
"non-amyloid","","","","STVIDE","0","N.A.","","0","Amylhex"
"non-amyloid","","","","STVIEE","0","N.A.","","0","Amylhex"
"amyloid","","","","STVIFE","0.7","N.A.","","67.9","Amylhex"
"non-amyloid","","","","STVIGE","0","N.A.","","0","Amylhex"
"non-amyloid","","","","STVIHE","0","N.A.","","0","Amylhex"
"amyloid","","","","STVIIA","1.3","N.A.","","404.2","Amylhex"
"amyloid","","","","STVIID","0.6","N.A.","","187.5","Amylhex"
"amyloid","","","","STVIIE","0.6","N.A.","","121.7","Amylhex"
"amyloid","","","","STVIIF","3","N.A.","","473.4","Amylhex"
"amyloid","","","","STVIIG","1.3","N.A.","","95.6","Amylhex"
"non-amyloid","","","","STVIIH","1.3","N.A.","","6.6","Amylhex"
"amyloid","","","","STVIII","2.3","N.A.","","209.8","Amylhex"
"non-amyloid","","","","STVIIK","7.4","N.A.","","25.1","Amylhex"
"amyloid","","","","STVIIL","1.3","N.A.","","350.2","Amylhex"
"amyloid","","","","STVIIM","1.3","N.A.","","454.3","Amylhex"
"amyloid","","","","STVIIN","1.3","N.A.","","533.6","Amylhex"
"non-amyloid","","","","STVIIP","0","N.A.","","11.3","Amylhex"
"amyloid","","","","STVIIQ","1.3","N.A.","","232.6","Amylhex"
"non-amyloid","","","","STVIIR","5.9","N.A.","","13.1","Amylhex"
"amyloid","","","","STVIIS","1.3","N.A.","","310.4","Amylhex"
"amyloid","","","","STVIIT","1.3","N.A.","","250.9","Amylhex"
"amyloid","","","","STVIIV","2.9","N.A.","","492","Amylhex"
"amyloid","","","","STVIIW","1.3","N.A.","","93.5","Amylhex"
"amyloid","","","","STVIIY","1.3","N.A.","","429.6","Amylhex"
"non-amyloid","","","","STVIKE","0","N.A.","","0","Amylhex"
"non-amyloid","","","","STVIKT","0","N.A.","","0","Literature"
"non-amyloid","","","","STVILE","0","N.A.","","0","Amylhex"
"non-amyloid","","","","STVIME","0","N.A.","","0","Amylhex"
"non-amyloid","","","","STVINE","0","N.A.","","0","Amylhex"
"non-amyloid","","","","STVIPE","0","N.A.","","0","Amylhex"
"non-amyloid","","","","STVIQE","0","N.A.","","0","Amylhex"
"non-amyloid","","","","STVIRE","0","N.A.","","0","Amylhex"
"non-amyloid","","","","STVISE","0","N.A.","","0","Amylhex"
"non-amyloid","","","","STVITE","0","N.A.","","0","Amylhex"
"non-amyloid","","","","STVIVE","0.6","N.A.","","0","Amylhex"
"non-amyloid","","","","STVIWE","0","N.A.","","2.9","Amylhex"
"amyloid","","","","STVIYE","0","N.A.","","226.5","Amylhex"
"non-amyloid","","","","STVKIE","0","N.A.","","0.4","Amylhex"
"amyloid","","","","STVLIE","0","N.A.","","70.3","Amylhex"
"non-amyloid","","","","STVMIE","0","N.A.","","0.2","Amylhex"
"amyloid","","","","STVNIE","0","N.A.","","44.2","Amylhex"
"non-amyloid","","","","STVPIE","0","N.A.","","0","Amylhex"
"non-amyloid","","","","STVQIE","0","N.A.","","0","Amylhex"
"non-amyloid","","","","STVRIE","0","N.A.","","0","Amylhex"
"non-amyloid","","","","STVSIE","0","N.A.","","0.3","Amylhex"
"non-amyloid","","","","STVTFE","0","N.A.","","2.6","Amylhex"
"amyloid","","","","STVTIE","0","N.A.","","5.1","Amylhex"
"non-amyloid","","","","STVVIE","0.6","N.A.","","1.3","Amylhex"
"amyloid","","","","STVWIE","0","N.A.","","301","Amylhex"
"amyloid","","","","STVYIE","0","N.A.","","143.5","Amylhex"
"amyloid","","","","STWIFE","0","N.A.","","130.2","Amylhex"
"amyloid","","","","STWIIE","0","N.A.","","213.5","Amylhex"
"amyloid","","","","STWIYE","0","N.A.","","340.9","Amylhex"
"amyloid","","","","STWLIE","0","N.A.","","134.2","Amylhex"
"non-amyloid","","","","STWTFE","0","N.A.","","5.5","Amylhex"
"non-amyloid","","","","STWTIE","0","N.A.","","10.9","Amylhex"
"non-amyloid","","","","STYIIE","0","N.A.","","6.5","Amylhex"
"non-amyloid","","","","SVISLS","0","no","","0","SOD1"
"non-amyloid","","","","SVNVTQ","0","no","","0","Functionals"
"amyloid","","","","SVVIIE","11.7","N.A.","","404.5","Amylhex"
"non-amyloid","","","","SWGMMG","0","no","","0","TDP43"
"non-amyloid","","","","SWVIIE","4.2","N.A.","","48.2","Amylhex"
"non-amyloid","SYLCDL.png","1679.15/1648.49","7.18","SYLCDL","0","yes","SYLCDL.png","0","Sebset"
"non-amyloid","","","","SYLYDL","0","no","","0","Sebset"
"non-amyloid","","","","SYNNNN","0","no","","0","Lindquist"
"non-amyloid","","","","SYSGSN","0","no","","0","TDP43"
"amyloid","","","","SYSTMS","0","N.A.","","0","Literature"
"amyloid","","","","SYVIIE","4.2","N.A.","","523.9","Amylhex"
"non-amyloid","TAAHCF.png","1678.34/1645.75","5.95","TAAHCF","0","yes","TAAHCF.png","0","Sebset"
"non-amyloid","","","","TAELIT","0","N.A.","","61.3","Literature"
"non-amyloid","TAVHCF.png","1680.08/1641.16","0","TAVHCF","0","yes","TAVHCF.png","0","Sebset"
"non-amyloid","","","","TAVTTG","0","no","","0","Functionals"
"non-amyloid","","","","TAWYAE","0","N.A.","","0","Literature"
"non-amyloid","","","","TDETVI","0","no","","0","Functionals"
"non-amyloid","TEEKKE.png","1680.23/1655.71/1642.02","0","TEEKKE","0","yes","TEEKKE.png","0","sup35"
"non-amyloid","","","","TEFTPT","0","N.A.","","0","Amylhex"
"amyloid","","","","TFQINS","0","N.A.","","0","Literature"
"non-amyloid","","","","TFSINP","0","no","","0","TDP43"
"non-amyloid","","","","TFWEIS","0","N.A.","","527.9","Literature"
"non-amyloid","","","","TGVTII","1","no","","13.5","Functionals"
"non-amyloid","","","","TGVVVV","22","no","","0","Functionals"
"amyloid","TIITVT.png","1639.38/1629.99","3.03","TIITVT","6.8","yes","TIITVT.png","0","Functionals"
"non-amyloid","","","","TITQHG","0","no","","0","Functionals"
"non-amyloid","","","","TKEPTR","0","no","","0","sup35"
"non-amyloid","","","","TKKVDT","0","no","","0","sup35"
"non-amyloid","","","","TKPAES","0","no","","0","sup35"
"non-amyloid","","","","TKVEEP","0","no","","0","sup35"
"non-amyloid","","","","TLDQWN","0","no","","0","Functionals"
"non-amyloid","TLKLVS.png","1678.52/1640.32","0","TLKLVS","0","yes","TLKLVS.png","0","sup35"
"non-amyloid","","","","TLKNYI","0","N.A.","","0.8","Literature"
"non-amyloid","","","","TNELYM","0","N.A.","","47","Literature"
"non-amyloid","","","","TNNNTN","0","no","","0","Lindquist"
"non-amyloid","","","","TQHGGG","0","no","","0","Functionals"
"non-amyloid","","","","TQRGFG","0","no","","0","Functionals"
"non-amyloid","","","","TQVGFG","0","no","","0.1","Functionals"
"non-amyloid","TREPTK.png","1677.05/1650.35/1637.42","0","TREPTK","0","yes","TREPTK.png","0","sup35"
"non-amyloid","","","","TRNNTV","0","no","","0","Lindquist"
"non-amyloid","","","","TTGVTI","0","no","","0","Functionals"
"non-amyloid","","","","TTGVVV","1.1","no","","0","Functionals"
"amyloid","","","","TTVIIE","0","N.A.","","261.8","Amylhex"
"non-amyloid","","","","TTVVST","0","no","","0","Functionals"
"non-amyloid","TTVVTT.png","1678.36/1645.27","0","TTVVTT","0","yes","TTVVTT.png","0","Functionals"
"non-amyloid","","","","TVFHIG","0","no","","20.5","Sebset"
"non-amyloid","TVFPIG.png","1678.25/1654.75","4.5","TVFPIG","0","yes","TVFPIG.png","0","Sebset"
"non-amyloid","TVIVIR.png","1679.2/1636.96","14.08","TVIVIR","10.3","yes","TVIVIR.png","0.1","Functionals"
"non-amyloid","","","","TVKQFG","0","no","","0","Functionals"
"non-amyloid","TVVSTT.png","1679.06/1646.77","5.22","TVVSTT","0","yes","TVVSTT.png","0","Functionals"
"non-amyloid","","","","TYQIIR","0","N.A.","","59.5","Literature"
"amyloid","","","","TYVEYI","0","N.A.","","296.1","Literature"
"amyloid","","","","VAFNIT","0","N.A.","","543.9","Literature"
"non-amyloid","","","","VAMHVF","0","no","","0","Sebset"
"amyloid","","","","VANFIT","0","N.A.","","93.2","Literature"
"non-amyloid","","","","VANNST","0","no","","0","Lindquist"
"non-amyloid","VATTRT.png","1678.84/1642.34","0","VATTRT","0","yes","VATTRT.png","0","Functionals"
"amyloid","VAVHVF.png","1675.49/1624.85","21.43","VAVHVF","3.4","yes","VAVHVF.png","0","Sebset"
"non-amyloid","","","","VAWLKM","0","N.A.","","0","Literature"
"non-amyloid","","","","VDQTAS","0","no","","0","Functionals"
"non-amyloid","","","","VDTKPA","0","no","","0","sup35"
"amyloid","","","","VEALYL","0","N.A.","","96.1","Amylhex"
"non-amyloid","","","","VEDLKI","0","no","","0","sup35"
"non-amyloid","VEEPVK.png","1677.88/1645.1","0","VEEPVK","0","yes","VEEPVK.png","0","sup35"
"non-amyloid","","","","VFFINQ","0.8","no","","0.1","Newcores"
"amyloid","VFFNNT.png","1678.84/1643","5.66","VFFNNT","0","yes","VFFNNT.png","0","Newcores"
"non-amyloid","","","","VGFGNN","0","no","","0","Functionals"
"non-amyloid","","","","VGQGSD","0","no","","0","Functionals"
"non-amyloid","","","","VHNNSN","0","no","","0","Lindquist"
"amyloid","VIGIAQ.png","1679.23/1642.61/1653.95","35.01","VIGIAQ","0","yes","VIGIAQ.png","0","SOD1"
"amyloid","","","","VILLIS","62.8","N.A.","","496.3","Literature"
"non-amyloid","","","","VISLSG","0","no","","0","SOD1"
"amyloid","VIVATT.png","1679.2/1643.89","3.99","VIVATT","2.7","yes","VIVATT.png","1.2","Functionals"
"non-amyloid","VIVIRT.png","1679.2/1646.15","13.92","VIVIRT","0","yes","VIVIRT.png","0.1","Functionals"
"non-amyloid","","","","VIWIAQ","5.8","no","","0.1","SOD1"
"non-amyloid","","","","VKKEEK","0","no","","0","sup35"
"non-amyloid","","","","VKQFGG","0","no","","0","Functionals"
"non-amyloid","","","","VKWDRD","0","N.A.","","0","Amylhex"
"non-amyloid","","","","VNNNNI","0","no","","0","Lindquist"
"non-amyloid","","","","VNNNNN","0","no","","0","Lindquist"
"amyloid","VNVTQV.png","1678.48/1644.63/1637.64","43.56","VNVTQV","0","yes","VNVTQV.png","0","Functionals"
"non-amyloid","","","","VNWCER","0","no","","0","Sebset"
"non-amyloid","VNWYER.png","1679.08/1643.06","0","VNWYER","0","yes","VNWYER.png","0","Sebset"
"non-amyloid","","","","VPGIAQ","0","no","","0","SOD1"
"non-amyloid","","","","VPQYGG","0","no","","0","Functionals"
"amyloid","VQFLQS.png","1679.63/1643.71","228.32","VQFLQS","0","yes","VQFLQS.png","0.1","Newcores"
"amyloid","","","","VQIINK","0","N.A.","","0","Literature"
"amyloid","","","","VQIVYK","1.2","N.A.","","3.4","Amylhex"
"non-amyloid","","","","VQTEEK","0","no","","0","sup35"
"amyloid","","","","VSFEIV","0","N.A.","","29.8","Literature"
"non-amyloid","","","","VSIEDS","0","no","","0","SOD1"
"non-amyloid","VSNLSN.png","1679.54/1650/1635.89","0","VSNLSN","0","yes","VSNLSN.png","0","Lindquist"
"non-amyloid","","","","VSSSGI","0","no","","0","sup35"
"amyloid","VSTTVV.png","1679.33/1642.86","1.64","VSTTVV","0","yes","VSTTVV.png","0","Functionals"
"non-amyloid","","","","VTIITV","25.4","no","","0.1","Functionals"
"non-amyloid","","","","VTLSQP","0","N.A.","","0","Amylhex"
"non-amyloid","","","","VTQEFW","0","N.A.","","0.1","Literature"
"non-amyloid","VTQVGF.png","1680.7/1648.49","36.38","VTQVGF","0","yes","VTQVGF.png","0","Functionals"
"amyloid","","","","VTSTFS","0","N.A.","","0.9","Literature"
"non-amyloid","","","","VTTGVT","0","no","","0","Functionals"
"non-amyloid","","","","VTTGVV","0","no","","0","Functionals"
"non-amyloid","","","","VTTVVS","0","no","","0","Functionals"
"amyloid","","","","VTVIIE","4.6","N.A.","","329.7","Amylhex"
"non-amyloid","","","","VVPQYG","0","no","","0","Functionals"
"amyloid","VVSTTV.png","1677.95/1650.75/1639.16","24.38","VVSTTV","0","yes","VVSTTV.png","0","Functionals"
"non-amyloid","","","","VVTSEE","0","no","","0","Functionals"
"non-amyloid","","","","VVVTSE","0","no","","0","Functionals"
"non-amyloid","","","","VVVVTS","16.5","no","","0.1","Functionals"
"non-amyloid","VYSCEW.png","1678.44/1643.03","0","VYSCEW","0","yes","VYSCEW.png","0","Sebset"
"non-amyloid","","","","VYSRHP","0","N.A.","","0","Amylhex"
"non-amyloid","VYSWEW.png","1678.68/1644.51/1630.73","5.56","VYSWEW","0","yes","VYSWEW.png","0","Sebset"
"non-amyloid","","","","WGMMGM","0","no","","0","TDP43"
"non-amyloid","","","","WGSASN","0","no","","0","TDP43"
"amyloid","","","","WIVIFF","426.2","N.A.","","591.7","Literature"
"non-amyloid","","","","WNFGTQ","0","no","","0","Sebset"
"non-amyloid","WNFSTQ.png","1678.37/1644.98","5.16","WNFSTQ","0","yes","WNFSTQ.png","0","Sebset"
"non-amyloid","WPNGIT.png","1679.21/1641.21","0","WPNGIT","0","yes","WPNGIT.png","0","Sebset"
"amyloid","WPNVIT.png","1678.96/1647.55/1635.86","6.81","WPNVIT","0","yes","WPNVIT.png","0","Sebset"
"non-amyloid","","","","WSFYLL","8","N.A.","","0.3","Amylhex"
"amyloid","WTFNLY.png","1679.31","123.3","WTFNLY","0","yes","WTFNLY.png","0.5","Newcores"
"amyloid","","","","WTVIIE","34.2","N.A.","","305.6","Amylhex"
"non-amyloid","","","","WVENYP","0","N.A.","","3.5","Literature"
"amyloid","","","","WVFWIG","281.5","N.A.","","554.5","Literature"
"non-amyloid","","","","WYFYIQ","339.2","N.A.","","581","Literature"
"amyloid","","","","YAELIV","0","N.A.","","339.9","Literature"
"non-amyloid","","","","YASEIE","0","N.A.","","1.2","Literature"
"non-amyloid","","","","YASNNN","0","no","","0","Lindquist"
"non-amyloid","","","","YGGGGN","0","no","","0","Functionals"
"non-amyloid","","","","YGGGNS","0","no","","0","Functionals"
"non-amyloid","","","","YGQQNQ","0","no","","0","FUS"
"non-amyloid","","","","YGQQQS","0","no","","0","FUS"
"non-amyloid","","","","YGQQSY","0","no","","0","FUS"
"non-amyloid","","","","YGQSSY","0","no","","0","FUS"
"amyloid","YIFNNC.png","1679.56/1639.27","45.63","YIFNNC","0","yes","YIFNNC.png","0","Newcores"
"non-amyloid","","","","YIFNNM","0","no","","0.1","Newcores"
"non-amyloid","","","","YKNFNY","0","no","","0","sup35"
"non-amyloid","","","","YLEIII","0","N.A.","","219","Literature"
"amyloid","YLFLQY.png","1679.56/1639.27","34.29","YLFLQY","1.1","yes","YLFLQY.png","0.1","Newcores"
"non-amyloid","","","","YLGNNS","0","no","","0","Lindquist"
"amyloid","","","","YLLYYT","34","N.A.","","532.6","Literature"
"amyloid","","","","YLNWYQ","1.2","N.A.","","556.9","Literature"
"non-amyloid","","","","YNAQAQ","0","no","","0","sup35"
"non-amyloid","","","","YNNNLQ","0","no","","0","sup35"
"non-amyloid","","","","YNNTGS","0","no","","0","Lindquist"
"amyloid","YNNYNN.png","1679.24/1647.47","97.97","YNNYNN","0","yes","YNNYNN.png","0","Lindquist"
"non-amyloid","","","","YNPDAG","0","no","","0","sup35"
"non-amyloid","","","","YNPQGG","0","no","","0","sup35"
"non-amyloid","","","","YQAGFQ","0","no","","0","sup35"
"non-amyloid","YQAYNA.png","1678.82/1647/1634","7.32","YQAYNA","0","yes","YQAYNA.png","0","sup35"
"non-amyloid","","","","YQGYQA","0","no","","0","sup35"
"non-amyloid","","","","YQGYSG","0","no","","0","sup35"
"non-amyloid","","","","YQLENY","0","N.A.","","0","Amylhex"
"amyloid","YQLIWQ.png","1678.63","162.39","YQLIWQ","1.5","yes","YQLIWQ.png","74","Newcores"
"non-amyloid","","","","YQNYQG","0","no","","0","sup35"
"non-amyloid","","","","YQQGGY","0","no","","0","sup35"
"non-amyloid","","","","YQQQFN","0","no","","7.2","sup35"
"non-amyloid","YQQQYN.png","1679.18/1643.86","0","YQQQYN","0","yes","YQQQYN.png","32.8","Sebset"
"non-amyloid","YQQQYN.png","1679.18/1643.86","0","YQQQYN","0","yes","YQQQYN.png","32.8","sup35"
"non-amyloid","YQQYNP.png","1678/1641/1613","5.54","YQQYNP","0","yes","YQQYNP.png","0","sup35"
"non-amyloid","","","","YQQYSQ","0","no","","0.7","sup35"
"non-amyloid","","","","YQYGGG","0","no","","0","Functionals"
"non-amyloid","","","","YSGSNS","0","no","","0","TDP43"
"non-amyloid","","","","YSGYQQ","0","no","","0","sup35"
"non-amyloid","YSQNGN.png","1679.68/1640.5","5.09","YSQNGN","0","yes","YSQNGN.png","0","Sebset"
"non-amyloid","YSQNGN.png","1679.68/1640.5","5.09","YSQNGN","0","yes","YSQNGN.png","0","sup35"
"non-amyloid","","","","YTFTIS","3.1","N.A.","","100.4","Literature"
"non-amyloid","","","","YTNISN","0","no","","0.1","Lindquist"
"amyloid","","","","YTVIIE","24.9","N.A.","","342.6","Amylhex"
"amyloid","","","","YVEYIG","0","N.A.","","65.3","Literature"
"non-amyloid","","","","YVSGFH","0","N.A.","","0","Amylhex"
"non-amyloid","","","","YYNYNN","0","no","","0","Lindquist"
"amyloid","","","","YYQNYQ","0","N.A.","","483.6","Literature"
"non-amyloid","","","","YYQNYQ","0","no","","483.6","sup35"
"non-amyloid","","","","YYTEFT","0","N.A.","","0.1","Amylhex"
